PAPERONE.RED,0, 0, 0, 0, 0, 0, 0, 0, 0, 0, 0, 0, 0, 0, 0, 0, 0, 0, 0, 0, 0, 0, 0, 0, 0, 0, 0, 0, 0, 0, 0, 0, 0, 0, 0, 0, 0, 0, 0, 0, 0, 0, 0, 0, 0, 0, 0, 0, 0, 0, 
PAPERONE.RED,0, 0, 0, 0, 0, 0, 0, 0, 0, 0, 0, 0, 0, 0, 0, 0, 0, 0, 0, 0, 0, 0, 0, 0, 0, 0, 0, 0, 0, 0, 0, 0, 0, 0, 0, 0, 0, 0, 0, 0, 0, 0, 0, 0, 0, 0, 0, 0, 0, 0, 
PAPERONE.RED,0, 0, 0, 0, 0, 0, 0, 0, 0, 0, 0, 0, 0, 0, 0, 0, 0, 0, 0, 0, 0, 0, 0, 0, 0, 0, 0, 0, 0, 0, 0, 0, 0, 0, 0, 0, 0, 0, 0, 0, 0, 0, 0, 0, 0, 0, 0, 0, 0, 0, 
PAPERONE.RED,0, 0, 0, 0, 0, 0, 0, 0, 0, 0, 0, 0, 0, 0, 0, 0, 0, 0, 0, 0, 0, 0, 0, 0, 0, 0, 0, 0, 0, 0, 0, 0, 0, 0, 0, 0, 0, 0, 0, 0, 0, 0, 0, 0, 0, 0, 0, 0, 0, 0, 
PAPERONE.RED,0, 0, 0, 0, 0, 0, 0, 0, 0, 0, 0, 0, 0, 0, 0, 0, 0, 0, 0, 0, 0, 0, 0, 0, 0, 0, 0, 0, 0, 0, 0, 0, 0, 0, 0, 0, 0, 0, 0, 0, 0, 0, 0, 0, 0, 0, 0, 0, 0, 0, 
PAPERONE.RED,0, 0, 0, 0, 0, 0, 0, 0, 0, 0, 0, 0, 0, 0, 0, 0, 0, 0, 0, 0, 0, 0, 0, 0, 0, 0, 0, 0, 0, 0, 0, 0, 0, 0, 0, 0, 0, 0, 0, 0, 0, 0, 0, 0, 0, 0, 0, 0, 0, 0, 
PAPERONE.RED,0, 0, 0, 0, 0, 0, 0, 0, 0, 0, 0, 0, 0, 0, 0, 0, 0, 0, 0, 0, 0, 0, 0, 0, 0, 0, 0, 0, 0, 0, 0, 0, 0, 0, 0, 0, 0, 0, 0, 0, 0, 0, 0, 0, 0, 0, 0, 0, 0, 0, 
PAPERONE.RED,0, 0, 0, 0, 0, 0, 0, 0, 0, 0, 0, 0, 0, 0, 0, 0, 0, 0, 0, 0, 0, 0, 0, 0, 0, 0, 0, 0, 0, 0, 0, 0, 0, 0, 0, 0, 0, 0, 0, 0, 0, 0, 0, 0, 0, 0, 0, 0, 0, 7, 
PAPERONE.RED,0, 0, 0, 0, 0, 0, 0, 0, 0, 0, 0, 0, 0, 0, 0, 0, 0, 0, 0, 0, 0, 0, 0, 0, 0, 0, 0, 0, 0, 0, 0, 0, 0, 0, 3, 3, 3, 3, 3, 3, 6, 6, 6, 6, 6, 6, 12, 12, 12, 12, 
PAPERONE.RED,0, 0, 0, 0, 0, 0, 0, 0, 0, 0, 0, 0, 0, 0, 0, 0, 0, 0, 0, 0, 0, 0, 0, 0, 0, 5, 5, 5, 5, 5, 5, 5, 6, 6, 6, 6, 7, 7, 7, 7, 7, 7, 7, 7, 7, 7, 7, 7, 7, 7, 
PAPERONE.RED,0, 0, 0, 0, 0, 0, 0, 0, 0, 0, 0, 0, 0, 0, 0, 0, 0, 0, 0, 4, 4, 4, 4, 4, 4, 4, 4, 4, 4, 5, 5, 6, 6, 6, 6, 6, 6, 6, 6, 7, 7, 7, 7, 7, 7, 7, 8, 8, 8, 8, 
PAPERONE.RED,0, 0, 0, 0, 0, 0, 0, 0, 0, 0, 0, 0, 0, 0, 0, 0, 0, 0, 0, 0, 0, 0, 0, 0, 3, 3, 3, 3, 3, 3, 3, 3, 3, 3, 3, 3, 3, 4, 4, 4, 4, 4, 4, 4, 4, 4, 4, 4, 4, 7, 
PAPERONE.RED,0, 0, 0, 0, 0, 0, 0, 0, 0, 0, 0, 0, 0, 0, 0, 0, 0, 0, 0, 0, 0, 0, 0, 0, 0, 0, 4, 4, 4, 4, 4, 4, 4, 4, 4, 6, 6, 6, 6, 6, 6, 7, 7, 7, 7, 7, 7, 7, 7, 8, 
PAPERONE.RED,0, 0, 0, 0, 0, 0, 0, 0, 0, 0, 0, 0, 0, 0, 0, 0, 0, 0, 0, 0, 0, 0, 0, 0, 0, 1, 2, 3, 4, 4, 4, 4, 4, 4, 4, 4, 4, 5, 7, 7, 7, 7, 7, 7, 8, 8, 8, 9, 9, 9, 
PAPERONE.RED,0, 0, 0, 0, 0, 0, 0, 0, 0, 0, 0, 0, 0, 0, 0, 0, 0, 0, 0, 0, 0, 0, 0, 0, 2, 2, 2, 3, 3, 3, 3, 3, 3, 4, 5, 6, 6, 6, 6, 6, 6, 8, 9, 9, 9, 9, 10, 10, 10, 12, 
PAPERONE.RED,0, 0, 0, 0, 0, 0, 0, 0, 0, 0, 0, 0, 0, 0, 0, 0, 0, 0, 0, 0, 0, 0, 0, 0, 0, 0, 0, 0, 5, 5, 5, 5, 5, 5, 5, 5, 5, 5, 5, 5, 5, 5, 5, 6, 6, 7, 7, 7, 8, 8, 
PAPERONE.RED,0, 0, 0, 0, 0, 0, 0, 0, 0, 0, 0, 0, 0, 0, 0, 0, 0, 0, 0, 0, 0, 3, 3, 3, 3, 4, 4, 4, 5, 5, 5, 6, 6, 6, 6, 6, 7, 7, 7, 8, 8, 8, 8, 8, 8, 9, 9, 9, 9, 14, 
PAPERONE.RED,0, 0, 0, 0, 0, 0, 0, 0, 0, 0, 0, 0, 0, 0, 0, 0, 0, 0, 0, 0, 1, 1, 1, 1, 1, 1, 3, 3, 3, 3, 3, 3, 3, 3, 3, 3, 3, 3, 3, 4, 4, 4, 7, 7, 8, 10, 10, 10, 10, 15, 
PAPERONE.RED,0, 0, 0, 0, 0, 0, 0, 0, 0, 0, 0, 0, 0, 0, 0, 0, 0, 0, 0, 0, 0, 0, 0, 0, 0, 0, 0, 0, 0, 0, 0, 3, 4, 4, 4, 4, 4, 4, 5, 5, 5, 5, 5, 5, 5, 5, 6, 9, 10, 12, 
PAPERONE.RED,0, 0, 0, 0, 0, 0, 0, 0, 0, 0, 0, 0, 0, 0, 0, 0, 0, 0, 0, 0, 0, 0, 0, 3, 6, 7, 7, 7, 7, 7, 7, 7, 7, 8, 8, 8, 8, 8, 8, 8, 10, 10, 11, 12, 12, 12, 12, 12, 12, 14, 
PAPERONE.RED,0, 0, 0, 0, 0, 0, 0, 0, 0, 0, 0, 0, 0, 0, 0, 0, 0, 0, 0, 0, 1, 1, 1, 1, 1, 2, 3, 4, 5, 5, 6, 6, 6, 7, 7, 7, 7, 8, 8, 8, 8, 8, 8, 8, 9, 9, 9, 9, 9, 10, 
PAPERONE.RED,0, 0, 0, 0, 0, 0, 0, 0, 0, 0, 0, 0, 0, 0, 0, 0, 0, 0, 0, 0, 0, 0, 0, 1, 1, 1, 2, 4, 4, 5, 5, 5, 5, 5, 5, 5, 6, 6, 6, 6, 6, 7, 7, 7, 8, 8, 8, 9, 9, 10, 
PAPERONE.RED,0, 0, 0, 0, 0, 0, 0, 0, 0, 0, 0, 0, 0, 0, 0, 0, 0, 0, 0, 0, 0, 0, 0, 0, 0, 0, 0, 0, 0, 0, 0, 0, 0, 0, 0, 0, 0, 0, 3, 5, 6, 6, 6, 6, 8, 9, 10, 13, 13, 13, 
PAPERONE.RED,0, 0, 0, 0, 0, 0, 0, 0, 0, 0, 0, 0, 0, 0, 0, 0, 0, 0, 0, 0, 0, 0, 0, 0, 0, 0, 0, 0, 0, 0, 0, 0, 0, 0, 0, 0, 6, 6, 6, 6, 6, 6, 7, 7, 7, 7, 8, 8, 8, 20, 
PAPERONE.RED,0, 0, 0, 0, 0, 0, 0, 0, 0, 0, 0, 0, 0, 0, 0, 0, 0, 0, 0, 0, 0, 0, 0, 0, 0, 0, 0, 0, 5, 6, 7, 8, 8, 8, 8, 8, 8, 8, 9, 9, 9, 9, 9, 9, 9, 9, 9, 10, 11, 13, 
PAPERONE.RED,0, 0, 0, 0, 0, 0, 0, 0, 0, 0, 0, 0, 0, 0, 0, 0, 0, 0, 0, 0, 0, 0, 0, 0, 0, 0, 0, 0, 0, 0, 4, 6, 7, 7, 7, 7, 8, 8, 8, 9, 10, 10, 10, 10, 11, 11, 11, 11, 11, 11, 
PAPERONE.RED,0, 0, 0, 0, 0, 0, 0, 0, 0, 0, 0, 0, 0, 0, 0, 0, 0, 0, 0, 0, 0, 0, 0, 0, 0, 0, 0, 3, 4, 4, 4, 5, 5, 5, 6, 6, 6, 6, 8, 8, 8, 8, 9, 9, 9, 9, 10, 11, 12, 12, 
PAPERONE.RED,0, 0, 0, 0, 0, 0, 0, 0, 0, 0, 0, 0, 0, 0, 0, 0, 0, 0, 0, 0, 0, 0, 0, 0, 0, 0, 0, 0, 0, 0, 0, 0, 0, 0, 0, 5, 5, 7, 7, 10, 10, 10, 10, 10, 10, 10, 10, 10, 10, 11, 
PAPERONE.RED,0, 0, 0, 0, 0, 0, 0, 0, 0, 0, 0, 0, 0, 0, 0, 0, 0, 0, 0, 0, 0, 0, 0, 0, 0, 0, 0, 0, 4, 4, 4, 4, 4, 6, 6, 6, 6, 6, 6, 6, 7, 7, 8, 8, 8, 8, 8, 8, 8, 8, 
PAPERONE.RED,0, 0, 0, 0, 0, 0, 0, 0, 0, 0, 0, 0, 0, 0, 0, 0, 0, 0, 0, 0, 0, 0, 0, 4, 4, 6, 6, 6, 6, 6, 8, 8, 8, 8, 8, 8, 8, 11, 11, 11, 11, 11, 11, 11, 11, 11, 11, 11, 11, 13, 
PAPERONE.RED,0, 0, 0, 0, 0, 0, 0, 0, 0, 0, 0, 0, 0, 0, 0, 0, 0, 0, 0, 0, 0, 0, 0, 0, 0, 5, 5, 5, 5, 5, 5, 6, 6, 6, 6, 6, 6, 6, 6, 6, 6, 7, 7, 7, 7, 7, 7, 7, 8, 11, 
PAPERONE.RED,0, 0, 0, 0, 0, 0, 0, 0, 0, 0, 0, 0, 0, 0, 0, 0, 0, 0, 0, 0, 0, 0, 0, 0, 3, 3, 3, 3, 6, 8, 8, 8, 8, 8, 8, 8, 8, 9, 9, 9, 9, 9, 9, 9, 9, 9, 10, 10, 10, 13, 
PAPERONE.RED,0, 0, 0, 0, 0, 0, 0, 0, 0, 0, 0, 0, 0, 0, 0, 3, 4, 4, 4, 5, 5, 5, 5, 5, 5, 5, 5, 5, 6, 7, 7, 7, 7, 7, 8, 8, 8, 9, 9, 9, 9, 10, 10, 10, 10, 11, 11, 11, 24, 24, 
PAPERONE.RED,0, 0, 0, 0, 0, 0, 0, 0, 0, 0, 0, 0, 0, 0, 0, 0, 0, 0, 5, 5, 5, 5, 5, 6, 7, 7, 7, 7, 7, 7, 7, 7, 7, 7, 7, 7, 8, 8, 8, 8, 8, 9, 10, 10, 13, 27, 31, 31, 39, 39, 
PAPERONE.RED,0, 0, 0, 0, 0, 0, 0, 0, 0, 0, 0, 0, 0, 0, 0, 0, 0, 0, 0, 0, 0, 0, 5, 5, 5, 5, 5, 7, 7, 7, 8, 8, 10, 11, 13, 16, 18, 23, 29, 29, 29, 29, 31, 31, 33, 39, 39, 39, 39, 41, 
PAPERONE.RED,0, 0, 0, 0, 0, 0, 0, 0, 0, 0, 0, 0, 0, 0, 0, 0, 0, 0, 0, 0, 4, 6, 6, 10, 10, 10, 10, 12, 12, 18, 18, 18, 19, 19, 19, 19, 19, 24, 24, 24, 24, 24, 24, 25, 30, 30, 31, 31, 31, 38, 
PAPERONE.RED,0, 0, 0, 0, 0, 0, 0, 0, 0, 0, 0, 0, 0, 0, 0, 0, 0, 0, 0, 0, 0, 0, 0, 3, 6, 9, 10, 13, 14, 14, 14, 14, 14, 14, 15, 15, 15, 15, 17, 24, 24, 25, 25, 26, 27, 30, 31, 31, 31, 41, 
PAPERONE.RED,0, 0, 0, 0, 0, 0, 0, 0, 0, 0, 0, 0, 0, 0, 0, 0, 0, 0, 0, 0, 0, 0, 4, 4, 4, 4, 8, 9, 9, 9, 9, 9, 10, 10, 11, 11, 12, 12, 13, 15, 19, 19, 19, 21, 21, 21, 22, 24, 26, 31, 
PAPERONE.RED,0, 0, 0, 0, 0, 0, 0, 0, 0, 0, 0, 0, 0, 0, 0, 0, 0, 0, 0, 3, 3, 5, 5, 5, 8, 8, 8, 9, 10, 13, 14, 19, 19, 21, 25, 25, 27, 27, 28, 28, 28, 29, 29, 33, 33, 33, 33, 36, 37, 40, 
PAPERONE.RED,0, 0, 0, 0, 0, 0, 0, 0, 0, 0, 0, 0, 0, 0, 0, 0, 0, 0, 0, 0, 0, 0, 0, 0, 0, 0, 5, 6, 6, 6, 6, 6, 6, 9, 12, 12, 17, 17, 18, 20, 24, 24, 26, 26, 26, 33, 33, 33, 35, 35, 
PAPERONE.RED,0, 0, 0, 0, 0, 0, 0, 0, 0, 0, 0, 0, 0, 0, 0, 0, 0, 0, 0, 0, 0, 0, 0, 0, 0, 0, 0, 7, 7, 7, 7, 7, 7, 12, 12, 12, 15, 19, 19, 21, 23, 23, 25, 28, 28, 28, 28, 38, 38, 38, 
PAPERONE.RED,0, 0, 0, 0, 0, 0, 0, 0, 0, 0, 0, 0, 0, 0, 0, 0, 0, 0, 0, 0, 0, 0, 0, 0, 0, 0, 0, 0, 0, 3, 3, 10, 10, 10, 19, 19, 19, 19, 20, 20, 20, 20, 20, 20, 20, 25, 31, 31, 33, 38, 
PAPERONE.RED,0, 0, 0, 0, 0, 0, 0, 0, 0, 0, 0, 0, 0, 0, 0, 0, 0, 0, 0, 0, 0, 0, 0, 0, 1, 3, 3, 5, 7, 8, 8, 12, 12, 12, 12, 15, 15, 17, 17, 20, 27, 27, 27, 29, 30, 30, 30, 30, 33, 33, 
PAPERONE.RED,0, 0, 0, 0, 0, 0, 0, 0, 0, 0, 0, 0, 0, 0, 0, 0, 0, 0, 0, 0, 0, 0, 0, 0, 0, 4, 4, 4, 4, 4, 7, 8, 11, 15, 15, 16, 17, 17, 23, 24, 25, 25, 26, 31, 34, 34, 34, 36, 43, 45, 
PAPERONE.RED,0, 0, 0, 0, 0, 0, 0, 0, 0, 0, 0, 0, 0, 0, 0, 0, 0, 0, 0, 0, 0, 0, 0, 0, 0, 5, 5, 5, 5, 5, 5, 5, 7, 8, 11, 11, 13, 15, 22, 24, 25, 25, 25, 25, 25, 26, 30, 37, 37, 38, 
PAPERONE.RED,0, 0, 0, 0, 0, 0, 0, 0, 0, 0, 0, 0, 0, 0, 0, 0, 0, 0, 0, 0, 0, 0, 0, 0, 0, 0, 0, 0, 0, 6, 6, 8, 9, 10, 12, 12, 18, 20, 20, 20, 23, 23, 23, 23, 29, 30, 32, 32, 38, 61, 
PAPERONE.RED,0, 0, 0, 0, 0, 0, 0, 0, 0, 0, 0, 0, 0, 0, 0, 0, 0, 0, 5, 5, 6, 6, 8, 8, 8, 10, 13, 15, 15, 15, 18, 18, 20, 20, 20, 20, 20, 20, 20, 22, 26, 26, 32, 32, 34, 38, 38, 40, 40, 46, 
PAPERONE.RED,0, 0, 0, 0, 0, 0, 0, 0, 0, 0, 0, 0, 0, 0, 0, 0, 0, 0, 0, 0, 0, 0, 7, 7, 7, 7, 9, 9, 9, 10, 10, 15, 17, 18, 18, 22, 33, 33, 35, 37, 38, 38, 46, 46, 46, 46, 46, 46, 52, 54, 
PAPERONE.RED,0, 0, 0, 0, 0, 0, 0, 0, 0, 0, 0, 0, 0, 0, 0, 0, 0, 0, 0, 0, 0, 0, 4, 6, 8, 11, 12, 12, 12, 12, 16, 17, 18, 18, 24, 24, 29, 32, 32, 32, 34, 35, 35, 35, 41, 42, 42, 43, 58, 58, 
PAPERONE.RED,0, 0, 0, 0, 0, 0, 0, 0, 0, 0, 0, 0, 0, 0, 0, 0, 0, 0, 0, 0, 0, 0, 0, 0, 0, 0, 0, 0, 0, 0, 0, 0, 0, 0, 9, 11, 16, 17, 21, 21, 21, 28, 40, 40, 45, 45, 53, 53, 53, 53, 
PAPERONE.RED,0, 0, 0, 0, 0, 0, 0, 0, 0, 0, 0, 0, 0, 0, 0, 0, 0, 0, 0, 0, 0, 0, 0, 0, 0, 0, 0, 0, 0, 0, 0, 0, 0, 0, 0, 0, 0, 12, 19, 19, 19, 30, 44, 44, 45, 45, 47, 47, 52, 52, 
PAPERONE.RED,0, 0, 0, 0, 0, 0, 0, 0, 0, 0, 0, 0, 0, 0, 0, 0, 0, 0, 0, 0, 0, 0, 0, 0, 0, 0, 0, 0, 0, 0, 0, 0, 0, 0, 0, 0, 0, 12, 13, 13, 18, 36, 40, 40, 40, 40, 40, 40, 43, 56, 
PAPERONE.RED,0, 0, 0, 0, 0, 0, 0, 0, 0, 0, 0, 0, 0, 0, 0, 0, 0, 0, 0, 0, 0, 0, 0, 0, 0, 0, 0, 0, 0, 0, 0, 0, 0, 0, 0, 7, 7, 7, 7, 11, 17, 28, 50, 50, 50, 54, 56, 71, 71, 71, 
PAPERONE.RED,0, 0, 0, 0, 0, 0, 0, 0, 0, 0, 0, 0, 0, 0, 0, 0, 0, 0, 0, 0, 0, 0, 0, 0, 0, 0, 0, 0, 0, 0, 0, 0, 0, 0, 0, 0, 0, 9, 23, 27, 28, 28, 33, 35, 35, 35, 35, 35, 44, 51, 
PAPERONE.RED,0, 0, 0, 0, 0, 0, 0, 0, 0, 0, 0, 0, 0, 0, 0, 0, 0, 0, 0, 0, 0, 0, 0, 0, 0, 0, 0, 0, 0, 0, 0, 0, 0, 0, 0, 0, 0, 18, 24, 26, 26, 38, 41, 42, 42, 42, 42, 42, 52, 65, 
PAPERONE.RED,0, 0, 0, 0, 0, 0, 0, 0, 0, 0, 0, 0, 0, 0, 0, 0, 0, 0, 0, 0, 0, 0, 0, 0, 0, 0, 0, 0, 0, 0, 0, 0, 0, 0, 0, 11, 11, 21, 21, 30, 30, 30, 30, 35, 40, 46, 46, 48, 49, 62, 
PAPERONE.RED,0, 0, 0, 0, 0, 0, 0, 0, 0, 0, 0, 0, 0, 0, 0, 0, 0, 0, 0, 0, 0, 0, 0, 0, 3, 12, 13, 13, 13, 13, 13, 13, 15, 16, 16, 16, 19, 27, 36, 39, 40, 40, 40, 41, 43, 49, 49, 52, 52, 52, 
PAPERONE.RED,0, 0, 0, 0, 0, 0, 0, 0, 0, 0, 0, 0, 0, 0, 0, 0, 0, 0, 0, 0, 0, 0, 0, 0, 0, 0, 0, 0, 0, 0, 0, 0, 0, 0, 0, 7, 16, 16, 40, 40, 40, 47, 48, 49, 50, 51, 51, 51, 51, 51, 
PAPERONE.RED,0, 0, 0, 0, 0, 0, 0, 0, 0, 0, 0, 0, 0, 0, 0, 0, 0, 0, 0, 0, 0, 0, 0, 0, 0, 0, 0, 0, 0, 0, 0, 0, 0, 0, 0, 0, 19, 19, 20, 20, 20, 24, 37, 50, 50, 50, 50, 50, 55, 58, 
PAPERONE.RED,0, 0, 0, 0, 0, 0, 0, 0, 0, 0, 0, 0, 0, 0, 0, 0, 0, 0, 0, 0, 0, 0, 0, 0, 0, 0, 0, 12, 12, 12, 12, 12, 21, 21, 21, 31, 32, 35, 35, 35, 35, 35, 37, 38, 39, 41, 41, 41, 58, 58, 
PAPERONE.RED,0, 0, 0, 0, 0, 0, 0, 0, 0, 0, 0, 0, 0, 0, 0, 0, 0, 0, 0, 0, 0, 0, 0, 0, 0, 0, 0, 0, 0, 0, 12, 12, 12, 12, 18, 18, 20, 21, 21, 33, 33, 35, 39, 39, 39, 39, 39, 42, 43, 46, 
PAPERONE.RED,0, 0, 0, 0, 0, 0, 0, 0, 0, 0, 0, 0, 0, 0, 0, 0, 0, 0, 0, 0, 0, 0, 0, 0, 11, 14, 14, 16, 16, 16, 16, 18, 18, 18, 21, 22, 25, 27, 28, 29, 30, 30, 30, 30, 30, 31, 34, 34, 47, 47, 
PAPERONE.RED,0, 0, 0, 0, 0, 0, 0, 0, 0, 0, 0, 0, 0, 0, 0, 0, 0, 0, 0, 0, 0, 0, 0, 0, 0, 0, 0, 0, 8, 12, 16, 18, 22, 23, 24, 25, 29, 32, 40, 40, 40, 41, 42, 44, 44, 46, 48, 48, 58, 64, 
PAPERONE.RED,0, 0, 0, 0, 0, 0, 0, 0, 0, 0, 0, 0, 0, 0, 0, 0, 0, 0, 0, 0, 0, 0, 0, 0, 0, 0, 0, 0, 0, 0, 0, 11, 12, 12, 15, 15, 15, 17, 17, 26, 33, 35, 35, 41, 42, 43, 45, 45, 48, 58, 
PAPERONE.RED,0, 0, 0, 0, 0, 0, 0, 0, 0, 0, 0, 0, 0, 0, 0, 0, 0, 0, 0, 0, 0, 0, 0, 0, 0, 0, 0, 0, 0, 4, 12, 13, 14, 15, 16, 16, 16, 27, 43, 44, 45, 51, 51, 57, 60, 61, 62, 63, 65, 65, 
PAPERONE.RED,0, 0, 0, 0, 0, 0, 0, 0, 0, 0, 0, 0, 0, 0, 0, 0, 0, 0, 0, 0, 0, 0, 0, 0, 0, 0, 0, 0, 0, 0, 0, 2, 8, 8, 12, 13, 17, 22, 22, 40, 40, 40, 42, 47, 52, 54, 60, 60, 73, 74, 
PAPERONE.RED,0, 0, 0, 0, 0, 0, 0, 0, 0, 0, 0, 0, 0, 0, 0, 0, 0, 0, 0, 0, 0, 0, 0, 0, 0, 0, 0, 0, 0, 0, 0, 3, 3, 25, 26, 27, 34, 41, 41, 45, 55, 55, 56, 60, 64, 64, 64, 69, 74, 75, 
PAPERONE.RED,0, 0, 0, 0, 0, 0, 0, 0, 0, 0, 0, 0, 0, 0, 0, 0, 0, 0, 0, 0, 0, 0, 0, 0, 0, 0, 0, 0, 0, 0, 0, 0, 0, 11, 12, 16, 22, 38, 44, 45, 51, 52, 59, 62, 62, 62, 65, 67, 74, 74, 
PAPERONE.RED,0, 0, 0, 0, 0, 0, 0, 0, 0, 0, 0, 0, 0, 0, 0, 0, 0, 0, 0, 0, 0, 0, 0, 0, 0, 0, 0, 0, 0, 0, 0, 13, 13, 13, 13, 13, 14, 20, 49, 58, 58, 58, 58, 58, 62, 63, 66, 73, 77, 82, 
PAPERONE.RED,0, 0, 0, 0, 0, 0, 0, 0, 0, 0, 0, 0, 0, 0, 0, 0, 0, 0, 0, 0, 0, 0, 0, 0, 1, 2, 14, 16, 19, 19, 20, 28, 35, 44, 51, 52, 59, 60, 60, 60, 63, 64, 64, 64, 66, 67, 69, 73, 81, 83, 
PAPERONE.RED,0, 0, 0, 0, 0, 0, 0, 0, 0, 0, 0, 0, 0, 0, 0, 0, 0, 0, 0, 0, 0, 0, 0, 0, 0, 0, 2, 12, 17, 17, 18, 18, 19, 21, 25, 28, 32, 34, 54, 54, 59, 60, 63, 63, 73, 76, 76, 76, 77, 77, 
PAPERONE.RED,0, 0, 0, 0, 0, 0, 0, 0, 0, 0, 0, 0, 0, 0, 0, 0, 0, 0, 0, 0, 0, 0, 0, 0, 0, 0, 0, 0, 0, 0, 0, 0, 0, 0, 0, 0, 20, 20, 21, 24, 69, 69, 73, 73, 73, 75, 77, 77, 77, 84, 
PAPERONE.RED,0, 0, 0, 0, 0, 0, 0, 0, 0, 0, 0, 0, 0, 0, 0, 0, 0, 0, 0, 0, 0, 0, 0, 0, 0, 0, 0, 0, 9, 14, 16, 17, 20, 23, 35, 54, 58, 59, 60, 64, 67, 67, 69, 72, 76, 76, 76, 77, 84, 87, 
PAPERONE.RED,0, 0, 0, 0, 0, 0, 0, 0, 0, 0, 0, 0, 0, 0, 0, 0, 0, 0, 0, 0, 0, 0, 0, 0, 0, 1, 1, 16, 16, 20, 20, 20, 25, 28, 28, 33, 51, 57, 59, 66, 66, 66, 67, 69, 71, 71, 80, 80, 80, 82, 
PAPERONE.RED,0, 0, 0, 0, 0, 0, 0, 0, 0, 0, 0, 0, 0, 0, 0, 0, 0, 0, 0, 0, 0, 0, 0, 0, 0, 0, 0, 1, 9, 9, 9, 16, 19, 20, 22, 25, 27, 54, 58, 62, 62, 63, 64, 65, 67, 67, 67, 69, 71, 77, 
PAPERONE.RED,0, 0, 0, 0, 0, 0, 0, 0, 0, 0, 0, 0, 0, 0, 0, 0, 0, 0, 0, 0, 0, 0, 0, 0, 0, 0, 0, 0, 0, 0, 0, 0, 0, 0, 12, 12, 12, 12, 12, 56, 60, 60, 65, 66, 66, 77, 77, 80, 81, 84, 
PAPERONE.RED,0, 0, 0, 0, 0, 0, 0, 0, 0, 0, 0, 0, 0, 0, 0, 0, 0, 0, 0, 0, 0, 0, 0, 0, 0, 0, 0, 0, 0, 0, 0, 0, 0, 0, 0, 0, 0, 15, 17, 17, 52, 60, 65, 65, 68, 70, 70, 70, 70, 73, 
PAPERONE.RED,0, 0, 0, 0, 0, 0, 0, 0, 0, 0, 0, 0, 0, 0, 0, 0, 0, 0, 0, 0, 0, 0, 0, 0, 0, 9, 10, 10, 10, 10, 10, 10, 10, 12, 12, 14, 22, 22, 28, 46, 62, 62, 62, 63, 65, 79, 84, 85, 85, 87, 
PAPERONE.RED,0, 0, 0, 0, 0, 0, 0, 0, 0, 0, 0, 0, 0, 0, 0, 0, 0, 0, 0, 0, 0, 0, 0, 0, 0, 0, 0, 0, 0, 0, 0, 0, 0, 8, 11, 12, 12, 14, 23, 54, 62, 62, 64, 65, 65, 65, 75, 76, 78, 81, 
PAPERONE.RED,0, 0, 0, 0, 0, 0, 0, 0, 0, 0, 0, 0, 0, 0, 0, 0, 0, 0, 0, 0, 0, 0, 0, 0, 0, 0, 0, 0, 0, 0, 0, 0, 0, 0, 14, 14, 14, 20, 20, 22, 26, 47, 57, 57, 64, 67, 67, 67, 82, 84, 
PAPERONE.RED,0, 0, 0, 0, 0, 0, 0, 0, 0, 0, 0, 0, 0, 0, 0, 0, 0, 0, 0, 0, 0, 0, 0, 0, 0, 0, 0, 0, 0, 0, 0, 1, 8, 8, 12, 16, 22, 22, 46, 46, 47, 53, 57, 58, 64, 67, 67, 74, 74, 83, 
PAPERONE.RED,0, 0, 0, 0, 0, 0, 0, 0, 0, 0, 0, 0, 0, 0, 0, 0, 0, 0, 0, 0, 0, 0, 0, 0, 0, 0, 0, 0, 0, 0, 0, 0, 0, 13, 13, 16, 19, 29, 30, 32, 63, 65, 66, 66, 68, 69, 70, 70, 70, 71, 
PAPERONE.RED,0, 0, 0, 0, 0, 0, 0, 0, 0, 0, 0, 0, 0, 0, 0, 0, 0, 0, 0, 0, 0, 0, 0, 0, 0, 15, 15, 15, 20, 22, 24, 24, 24, 29, 30, 33, 37, 44, 52, 55, 57, 57, 63, 65, 66, 66, 68, 69, 75, 83, 
PAPERONE.RED,0, 0, 0, 0, 0, 0, 0, 0, 0, 0, 0, 0, 0, 0, 0, 0, 0, 0, 0, 0, 0, 0, 1, 1, 6, 9, 12, 12, 12, 13, 13, 13, 15, 16, 17, 19, 22, 30, 37, 55, 55, 57, 58, 59, 60, 65, 67, 70, 73, 74, 
PAPERONE.RED,0, 0, 0, 0, 0, 0, 0, 0, 0, 0, 0, 0, 0, 0, 0, 0, 0, 0, 0, 0, 0, 0, 0, 0, 0, 0, 0, 0, 0, 0, 0, 0, 0, 0, 0, 0, 15, 18, 18, 53, 68, 73, 73, 74, 75, 77, 78, 88, 91, 97, 
PAPERONE.RED,0, 0, 0, 0, 0, 0, 0, 0, 0, 0, 0, 0, 0, 0, 0, 0, 0, 0, 0, 0, 0, 0, 0, 0, 0, 0, 0, 0, 0, 0, 0, 0, 0, 0, 0, 11, 11, 11, 11, 12, 55, 56, 59, 60, 63, 64, 67, 71, 75, 77, 
PAPERONE.RED,0, 0, 0, 0, 0, 0, 0, 0, 0, 0, 0, 0, 0, 0, 0, 0, 0, 0, 0, 0, 0, 0, 0, 0, 0, 0, 0, 0, 0, 0, 0, 0, 0, 0, 0, 0, 16, 18, 62, 63, 65, 65, 67, 68, 71, 73, 73, 78, 82, 86, 
PAPERONE.RED,0, 0, 0, 0, 0, 0, 0, 0, 0, 0, 0, 0, 0, 0, 0, 0, 0, 0, 0, 0, 0, 0, 0, 0, 0, 0, 0, 0, 0, 3, 3, 18, 18, 19, 22, 30, 50, 54, 57, 65, 65, 65, 65, 71, 73, 77, 79, 83, 85, 104, 
PAPERONE.RED,0, 0, 0, 0, 0, 0, 0, 0, 0, 0, 0, 0, 0, 0, 0, 0, 0, 0, 0, 0, 0, 0, 0, 0, 0, 0, 0, 0, 0, 0, 0, 0, 0, 10, 10, 10, 16, 16, 17, 60, 62, 64, 67, 71, 71, 74, 74, 74, 74, 86, 
PAPERONE.RED,0, 0, 0, 0, 0, 0, 0, 0, 0, 0, 0, 0, 0, 0, 0, 0, 0, 0, 0, 0, 0, 0, 0, 0, 0, 0, 0, 0, 0, 0, 0, 0, 0, 10, 12, 15, 16, 21, 53, 53, 55, 57, 58, 62, 63, 71, 72, 73, 81, 87, 
PAPERONE.RED,0, 0, 0, 0, 0, 0, 0, 0, 0, 0, 0, 0, 0, 0, 0, 0, 0, 0, 0, 0, 0, 0, 0, 0, 0, 0, 0, 0, 0, 0, 0, 0, 0, 0, 0, 0, 0, 0, 0, 24, 29, 44, 67, 69, 74, 75, 77, 81, 83, 98, 
PAPERONE.RED,0, 0, 0, 0, 0, 0, 0, 0, 0, 0, 0, 0, 0, 0, 0, 0, 0, 0, 0, 0, 0, 0, 0, 0, 0, 0, 0, 0, 0, 0, 0, 0, 13, 15, 15, 19, 20, 28, 53, 55, 55, 56, 57, 60, 65, 71, 75, 82, 91, 121, 
PAPERONE.RED,0, 0, 0, 0, 0, 0, 0, 0, 0, 0, 0, 0, 0, 0, 0, 0, 0, 0, 0, 0, 0, 0, 0, 0, 3, 3, 3, 12, 12, 13, 16, 16, 27, 27, 27, 27, 57, 62, 62, 62, 68, 69, 70, 73, 75, 76, 76, 83, 87, 89, 
PAPERONE.RED,0, 0, 0, 0, 0, 0, 0, 0, 0, 0, 0, 0, 0, 0, 0, 0, 0, 0, 0, 0, 0, 0, 0, 0, 0, 0, 0, 0, 0, 0, 0, 10, 11, 11, 14, 15, 19, 26, 54, 57, 64, 64, 67, 69, 71, 93, 95, 110, 110, 121, 
PAPERONE.RED,0, 0, 0, 0, 0, 0, 0, 0, 0, 0, 0, 0, 0, 0, 0, 0, 0, 0, 0, 0, 0, 0, 0, 0, 0, 0, 0, 0, 0, 14, 14, 18, 22, 23, 23, 25, 26, 27, 42, 58, 59, 63, 63, 66, 67, 72, 73, 73, 110, 110, 
PAPERONE.RED,0, 0, 0, 0, 0, 0, 0, 0, 0, 0, 0, 0, 0, 0, 0, 0, 0, 0, 0, 0, 0, 0, 0, 0, 0, 0, 0, 0, 0, 0, 0, 16, 17, 17, 24, 28, 28, 28, 31, 33, 47, 48, 50, 54, 58, 65, 65, 65, 90, 90, 
PAPERONE.RED,0, 0, 0, 0, 0, 0, 0, 0, 0, 0, 0, 0, 0, 0, 0, 0, 0, 0, 0, 0, 0, 0, 0, 0, 0, 0, 0, 0, 0, 0, 17, 17, 22, 22, 26, 26, 26, 46, 47, 56, 67, 69, 69, 69, 70, 72, 74, 76, 79, 89, 
PAPERONE.RED,0, 0, 0, 0, 0, 0, 0, 0, 0, 0, 0, 0, 0, 0, 0, 0, 0, 0, 0, 0, 0, 0, 0, 0, 0, 0, 16, 16, 19, 21, 22, 23, 28, 54, 63, 64, 64, 66, 67, 67, 70, 71, 77, 80, 81, 84, 97, 97, 103, 114, 
PAPERONE.RED,0, 0, 0, 0, 0, 0, 0, 0, 0, 0, 0, 0, 0, 0, 0, 0, 0, 0, 0, 0, 0, 0, 0, 0, 0, 0, 0, 0, 0, 0, 0, 0, 0, 0, 0, 0, 0, 0, 20, 21, 21, 64, 66, 75, 84, 84, 87, 87, 95, 99, 
PAPERONE.RED,0, 0, 0, 0, 0, 0, 0, 0, 0, 0, 0, 0, 0, 0, 0, 0, 0, 0, 0, 0, 0, 0, 0, 0, 0, 0, 0, 0, 0, 0, 0, 0, 0, 9, 9, 15, 16, 17, 17, 30, 64, 67, 69, 74, 76, 88, 88, 92, 104, 112, 
